Parent Part,Child Part,Qty Per,,,,,
91023-01,F88490,2,Ea.,,,,
91384-01,F88490,2,Ea.,,,,
91023-01,F38652,2,Ea.,,,,
91384-01,F38652,2,Ea.,,,,
90006-01,F38652,4,Ea.,,,,
92787-01,F38652,4,Ea.,,,,
91023-01,F88492,2,Ea.,,,,
91384-01,F88492,2,Ea.,,,,
91023-01,F38654,4,Ea.,,,,
91384-01,F38654,4,Ea.,,,,
90873-01,F38654,4,Ea.,,,,
90139-01,F38654,4,Ea.,,,,
91023-01,F88494,4,Ea.,,,,
91384-01,F88494,4,Ea.,,,,
91023-01,F38656,8,Ea.,,,,
91384-01,F38656,8,Ea.,,,,
90873-01,F38656,5,Ea.,,,,
90006-01,F38656,5,Ea.,,,,
92787-01,F38656,5,Ea.,,,,
93893-01,F38656,5,Ea.,,,,
90873-01,F80900,4,Ea.,,,,
90006-01,F35542,4,Ea.,,,,
90607-01,F35542,4,Ea.,,,,
90607-01,F18171,4,Ea.,,,,
90139-01,F18171,4,Ea.,,,,
90607-01,F18172,4,Ea.,,,,
90139-01,F18172,4,Ea.,,,,
92787-01,F49154,4,Ea.,,,,
93893-01,F49154,4,Ea.,,,,
93893-01,F30757,4,Ea.,,,,
N38257,M00489,1,Ea.,,,,
N10578,M13538,1,Ea.,,,,
N82899,M26587,1,Ea.,,,,
N16910,M26587,1,Ea.,,,,
N82900,M39636,1,Ea.,,,,
N16911,M39636,1,Ea.,,,,
N69409,M20651,2,Ea.,,,,
N38257,M18529,1,Ea.,,,,
N10578,M18529,2,Ea.,,,,
N82899,M18529,3,Ea.,,,,
N82900,M18529,3,Ea.,,,,
N16910,M18529,2,Ea.,,,,
N16911,M18529,2,Ea.,,,,
N69409,M18529,5,Ea.,,,,
N16910,M87714,1,Ea.,,,,
N16911,M87714,1,Ea.,,,,
91023-01,N38257,4,Ea.,,,,
91384-01,N38257,4,Ea.,,,,
90873-01,N38257,2,Ea.,,,,
90006-01,N38257,2,Ea.,,,,
92787-01,N38257,2,Ea.,,,,
93893-01,N38257,2,Ea.,,,,
91023-01,N10578,2,Ea.,,,,
91384-01,N10578,2,Ea.,,,,
91023-01,N82899,5,Ea.,,,,
91384-01,N82899,5,Ea.,,,,
90873-01,N82899,4,Ea.,,,,
90006-01,N82899,4,Ea.,,,,
92787-01,N82899,4,Ea.,,,,
93893-01,N82899,4,Ea.,,,,
90607-01,N82899,3,Ea.,,,,
90139-01,N82899,3,Ea.,,,,
91023-01,N82900,5,Ea.,,,,
91384-01,N82900,5,Ea.,,,,
90873-01,N82900,4,Ea.,,,,
90006-01,N82900,4,Ea.,,,,
92787-01,N82900,4,Ea.,,,,
93893-01,N82900,4,Ea.,,,,
90607-01,N82900,3,Ea.,,,,
90139-01,N82900,3,Ea.,,,,
91023-01,N16910,1,Ea.,,,,
91384-01,N16910,1,Ea.,,,,
91023-01,N16911,1,Ea.,,,,
91384-01,N16911,1,Ea.,,,,
90607-01,N69409,2,Ea.,,,,
90139-01,N69409,2,Ea.,,,,
12317-01,S16626,1,Ea.,,,,
12317-01,S72207,1,Ea.,,,,
15169-01,S72207,1,Ea.,,,,
12317-01,S44754,1,Ea.,,,,
15169-01,S44754,1,Ea.,,,,
12317-01,S34089,1,Ea.,,,,
15169-01,S34089,1,Ea.,,,,
12317-01,S49271,1,Ea.,,,,
15169-01,S49271,1,Ea.,,,,
12317-01,S64453,1,Ea.,,,,
15169-01,S64453,1,Ea.,,,,
12317-01,S46822,1,Ea.,,,,
15169-01,S92795,1,Ea.,,,,
15169-01,S26496,1,Ea.,,,,
12128-01,S47899,1,Ea.,,,,
18754-01,S47899,1,Ea.,,,,
18887-01,S47899,1,Ea.,,,,
15422-01,S76940,1,Ea.,,,,
12128-01,S52166,1,Ea.,,,,
15422-01,S52166,1,Ea.,,,,
18754-01,S52166,1,Ea.,,,,
18887-01,S52166,1,Ea.,,,,
12128-01,S41502,2,Ea.,,,,
15422-01,S41502,2,Ea.,,,,
18754-01,S41502,2,Ea.,,,,
18887-01,S41502,2,Ea.,,,,
12462-01,S39496,1,Ea.,,,,
13138-01,S39496,1,Ea.,,,,
18727-01,S39496,1,Ea.,,,,
18088-01,S39496,1,Ea.,,,,
18860-01,S39496,1,Ea.,,,,
17119-01,S39496,1,Ea.,,,,
15395-01,S68537,1,Ea.,,,,
12462-01,S43763,1,Ea.,,,,
15395-01,S43763,1,Ea.,,,,
13138-01,S43763,1,Ea.,,,,
18727-01,S43763,1,Ea.,,,,
18088-01,S43763,1,Ea.,,,,
18860-01,S43763,1,Ea.,,,,
17119-01,S43763,1,Ea.,,,,
12462-01,S33099,2,Ea.,,,,
15395-01,S33099,2,Ea.,,,,
13138-01,S33099,2,Ea.,,,,
18727-01,S33099,2,Ea.,,,,
18088-01,S33099,2,Ea.,,,,
18860-01,S33099,2,Ea.,,,,
13138-01,S73252,1,Ea.,,,,
12462-01,S77760,1,Ea.,,,,
18727-01,S82263,1,Ea.,,,,
18088-01,S82263,1,Ea.,,,,
18860-01,S82263,1,Ea.,,,,
19381-01,S92689,2,Ea.,,,,
19354-01,S92689,2,Ea.,,,,
19381-01,S92690,1,Ea.,,,,
19354-01,S92690,1,Ea.,,,,
19381-01,S88423,1,Ea.,,,,
19354-01,S88423,1,Ea.,,,,
19381-01,S82024,2,Ea.,,,,
19381-01,S94822,1,Ea.,,,,
19381-01,S94823,2,Ea.,,,,
19381-01,S79891,2,Ea.,,,,
17119-01,S97048,2,Ea.,,,,
13445-01,S97048,2,Ea.,,,,
17119-01,S13482,1,Ea.,,,,
17119-01,S97047,2,Ea.,,,,
13445-01,S97047,2,Ea.,,,,
17119-01,S97049,2,Ea.,,,,
13445-01,S97049,2,Ea.,,,,
17119-01,S94914,1,Ea.,,,,
19354-01,S37876,2,Ea.,,,,
19354-01,S40009,2,Ea.,,,,
19354-01,S52807,1,Ea.,,,,
19354-01,S52808,2,Ea.,,,,
13445-01,S74797,1,Ea.,,,,
13445-01,S79063,1,Ea.,,,,
13445-01,S89339,1,Ea.,,,,
13445-01,S66266,2,Ea.,,,,
12317-01,S33690,8,Ea.,,,,
15169-01,S33690,8,Ea.,,,,
12128-01,S33690,4,Ea.,,,,
15422-01,S33690,4,Ea.,,,,
18754-01,S33690,4,Ea.,,,,
18887-01,S33690,4,Ea.,,,,
12462-01,S33690,8,Ea.,,,,
15395-01,S33690,8,Ea.,,,,
13138-01,S33690,8,Ea.,,,,
18727-01,S33690,8,Ea.,,,,
18088-01,S33690,8,Ea.,,,,
18860-01,S33690,8,Ea.,,,,
19354-01,S33690,6,Ea.,,,,
19381-01,S33690,6,Ea.,,,,
17119-01,S33690,8,Ea.,,,,
13445-01,S33690,8,Ea.,,,,
12595-01,S33690,6,Ea.,,,,
12568-01,S33690,6,Ea.,,,,
18754-01,S90669,1,Ea.,,,,
18887-01,S90669,1,Ea.,,,,
12595-01,S92689,2,Ea.,,,,
12595-01,S92690,1,Ea.,,,,
12595-01,S88423,1,Ea.,,,,
12595-01,S17572,2,Ea.,,,,
12595-01,S40009,2,Ea.,,,,
12595-01,S52807,1,Ea.,,,,
12595-01,S52808,2,Ea.,,,,
12568-01,S92689,2,Ea.,,,,
12568-01,S92690,1,Ea.,,,,
12568-01,S88423,1,Ea.,,,,
12568-01,S82024,2,Ea.,,,,
12568-01,S94822,1,Ea.,,,,
12568-01,S94823,2,Ea.,,,,
12568-01,S59587,2,Ea.,,,,
15422-01,S77145,1,Ea.,,,,
15395-01,S68742,1,Ea.,,,,
12128-01,S81652,1,Ea.,,,,
13445-01,S84833,1,Ea.,,,,
12128-01,S80149,4,Ea.,,,,
15422-01,S80149,4,Ea.,,,,
18754-01,S80149,4,Ea.,,,,
18887-01,S80149,4,Ea.,,,,
17119-01,S09778,2,Ea.,,,,
13445-01,S09778,2,Ea.,,,,
12317-01,I51404,1,Ea.,,,,
15169-01,I51404,1,Ea.,,,,
12317-01,I51975,1,Ea.,,,,
15169-01,I51975,1,Ea.,,,,
12317-01,I40739,2,Ea.,,,,
15169-01,I40739,2,Ea.,,,,
12317-01,I47138,1,Ea.,,,,
15169-01,I23307,1,Ea.,,,,
12317-01,I49271,1,Ea.,,,,
15169-01,I49271,1,Ea.,,,,
12317-01,I34340,4,Ea.,,,,
15169-01,I34340,4,Ea.,,,,
12128-01,I34340,4,Ea.,,,,
15422-01,I34340,4,Ea.,,,,
18754-01,I34340,4,Ea.,,,,
18887-01,I34340,4,Ea.,,,,
19354-01,I34340,3,Ea.,,,,
12595-01,I34340,3,Ea.,,,,
12317-01,I34341,2,Ea.,,,,
15169-01,I34341,2,Ea.,,,,
12317-01,I34342,2,Ea.,,,,
15169-01,I34342,2,Ea.,,,,
12462-01,I61804,4,Ea.,,,,
15395-01,I61804,4,Ea.,,,,
13138-01,I61804,4,Ea.,,,,
18727-01,I61804,4,Ea.,,,,
18088-01,I61804,4,Ea.,,,,
18860-01,I61804,4,Ea.,,,,
19381-01,I61804,3,Ea.,,,,
12568-01,I61804,3,Ea.,,,,
12462-01,I61805,1,Ea.,,,,
13138-01,I61805,1,Ea.,,,,
18727-01,I61805,1,Ea.,,,,
18088-01,I61805,1,Ea.,,,,
18860-01,I61805,1,Ea.,,,,
17119-01,I61805,1,Ea.,,,,
15395-01,I90845,1,Ea.,,,,
12462-01,I61806,1,Ea.,,,,
15395-01,I61806,1,Ea.,,,,
13138-01,I61806,1,Ea.,,,,
18727-01,I61806,1,Ea.,,,,
18088-01,I61806,1,Ea.,,,,
18860-01,I61806,1,Ea.,,,,
17119-01,I61806,1,Ea.,,,,
12462-01,I73040,1,Ea.,,,,
15395-01,I73040,1,Ea.,,,,
13138-01,I73040,1,Ea.,,,,
18727-01,I73040,1,Ea.,,,,
18088-01,I73040,1,Ea.,,,,
18860-01,I73040,1,Ea.,,,,
17119-01,I73040,1,Ea.,,,,
12128-01,I70207,1,Ea.,,,,
18754-01,I70207,1,Ea.,,,,
18887-01,I70207,1,Ea.,,,,
15422-01,I99248,1,Ea.,,,,
12128-01,I70208,1,Ea.,,,,
15422-01,I70208,1,Ea.,,,,
18754-01,I70208,1,Ea.,,,,
18887-01,I70208,1,Ea.,,,,
12128-01,I81443,1,Ea.,,,,
15422-01,I81443,1,Ea.,,,,
18754-01,I81443,1,Ea.,,,,
18887-01,I81443,1,Ea.,,,,
19381-01,I87013,1,Ea.,,,,
12568-01,I87013,1,Ea.,,,,
19354-01,I87014,1,Ea.,,,,
19381-01,I87014,1,Ea.,,,,
12595-01,I87014,1,Ea.,,,,
12568-01,I87014,1,Ea.,,,,
19354-01,I87015,1,Ea.,,,,
19381-01,I87015,1,Ea.,,,,
12595-01,I87015,1,Ea.,,,,
12568-01,I87015,1,Ea.,,,,
19354-01,I98249,1,Ea.,,,,
19381-01,I98249,1,Ea.,,,,
12595-01,I98249,1,Ea.,,,,
12568-01,I98249,1,Ea.,,,,
17119-01,I21233,4,Ea.,,,,
13445-01,I21233,4,Ea.,,,,
19354-01,I44998,1,Ea.,,,,
12595-01,I44998,1,Ea.,,,,
13445-01,I86185,1,Ea.,,,,
13445-01,I02879,1,Ea.,,,,
13445-01,I03820,1,Ea.,,,,
51023-01,I81449,1,Ea.,,,,
43488-01,T49372,2,Ea.,,,,
44850-01,T49372,2,Ea.,,,,
43326-01,T49372,2,Ea.,,,,
44688-01,T49372,2,Ea.,,,,
43488-01,T49373,2,Ea.,,,,
44850-01,T49373,2,Ea.,,,,
43326-01,T49373,2,Ea.,,,,
44688-01,T49373,2,Ea.,,,,
43488-01,T13088,2,Ea.,,,,
44850-01,T13088,2,Ea.,,,,
43326-01,T13088,2,Ea.,,,,
44688-01,T13088,2,Ea.,,,,
43488-01,T13089,2,Ea.,,,,
44850-01,T13089,2,Ea.,,,,
43326-01,T13089,2,Ea.,,,,
44688-01,T13089,2,Ea.,,,,
43488-01,T86323,2,Ea.,,,,
44850-01,T86323,2,Ea.,,,,
43326-01,T86323,2,Ea.,,,,
44688-01,T86323,2,Ea.,,,,
43488-01,T86324,2,Ea.,,,,
44850-01,T86324,2,Ea.,,,,
43326-01,T86324,2,Ea.,,,,
44688-01,T86324,2,Ea.,,,,
43488-01,T72525,1,Ea.,,,,
44850-01,T72525,1,Ea.,,,,
43326-01,T72525,1,Ea.,,,,
44688-01,T72525,1,Ea.,,,,
43488-01,T72526,1,Ea.,,,,
44850-01,T72526,1,Ea.,,,,
43326-01,T72526,1,Ea.,,,,
44688-01,T72526,1,Ea.,,,,
43488-01,T50267,1,Ea.,,,,
44850-01,T50267,1,Ea.,,,,
43908-01,T50267,1,Ea.,,,,
43326-01,T50267,1,Ea.,,,,
44688-01,T50267,1,Ea.,,,,
43746-01,T50267,1,Ea.,,,,
43488-01,T50268,1,Ea.,,,,
44850-01,T50268,1,Ea.,,,,
43326-01,T50268,1,Ea.,,,,
44688-01,T50268,1,Ea.,,,,
43488-01,T13328,1,Ea.,,,,
44850-01,T13328,1,Ea.,,,,
43908-01,T13328,1,Ea.,,,,
49115-01,T13328,1,Ea.,,,,
43326-01,T13328,1,Ea.,,,,
44688-01,T13328,1,Ea.,,,,
43746-01,T13328,1,Ea.,,,,
49953-01,T13328,1,Ea.,,,,
43488-01,T92036,1,Ea.,,,,
44850-01,T92036,1,Ea.,,,,
43326-01,T92036,1,Ea.,,,,
44688-01,T92036,1,Ea.,,,,
43488-01,T69778,1,Ea.,,,,
44850-01,T69778,1,Ea.,,,,
43326-01,T69778,1,Ea.,,,,
44688-01,T69778,1,Ea.,,,,
43488-01,T53165,1,Ea.,,,,
44850-01,T53165,1,Ea.,,,,
43326-01,T53165,1,Ea.,,,,
44688-01,T53165,1,Ea.,,,,
47102-01,T42211,2,Ea.,,,,
43897-01,T42211,2,Ea.,,,,
43735-01,T42211,2,Ea.,,,,
46428-01,T41237,2,Ea.,,,,
47102-01,T41237,2,Ea.,,,,
43897-01,T41237,2,Ea.,,,,
47863-01,T41237,2,Ea.,,,,
46266-01,T41237,2,Ea.,,,,
43735-01,T41237,2,Ea.,,,,
47701-01,T41237,2,Ea.,,,,
46428-01,T61563,2,Ea.,,,,
46266-01,T61563,2,Ea.,,,,
47863-01,T55164,2,Ea.,,,,
47701-01,T55164,2,Ea.,,,,
49115-01,T65829,2,Ea.,,,,
49953-01,T65829,2,Ea.,,,,
12317-01,J55645,1,Ea.,,,,
15169-01,J55645,1,Ea.,,,,
12317-01,J39033,1,Ea.,,,,
15169-01,J39033,1,Ea.,,,,
12317-01,J39034,1,Ea.,,,,
15169-01,J39034,1,Ea.,,,,
12317-01,J16777,1,Ea.,,,,
15169-01,J16777,1,Ea.,,,,
12317-01,J16778,2,Ea.,,,,
15169-01,J16778,2,Ea.,,,,
12128-01,J16778,2,Ea.,,,,
15422-01,J16778,2,Ea.,,,,
18754-01,J16778,2,Ea.,,,,
18887-01,J16778,2,Ea.,,,,
19354-01,J16778,2,Ea.,,,,
12317-01,J79840,1,Ea.,,,,
15169-01,J79840,1,Ea.,,,,
12128-01,J79840,1,Ea.,,,,
15422-01,J79840,1,Ea.,,,,
18754-01,J79840,1,Ea.,,,,
18887-01,J79840,1,Ea.,,,,
12317-01,J79841,1,Ea.,,,,
15169-01,J79841,1,Ea.,,,,
12128-01,J79841,1,Ea.,,,,
15422-01,J79841,1,Ea.,,,,
18754-01,J79841,1,Ea.,,,,
18887-01,J79841,1,Ea.,,,,
17119-01,J79841,1,Ea.,,,,
13445-01,J79841,1,Ea.,,,,
17119-01,J80589,2,Ea.,,,,
13445-01,J80589,2,Ea.,,,,
17119-01,J60263,2,Ea.,,,,
13445-01,J60263,2,Ea.,,,,
12462-01,J99941,2,Ea.,,,,
15395-01,J99941,2,Ea.,,,,
13138-01,J99941,2,Ea.,,,,
18727-01,J99941,2,Ea.,,,,
18088-01,J99941,2,Ea.,,,,
18860-01,J99941,2,Ea.,,,,
19381-01,J99941,2,Ea.,,,,
12462-01,J99942,1,Ea.,,,,
15395-01,J99942,1,Ea.,,,,
13138-01,J99942,1,Ea.,,,,
18727-01,J99942,1,Ea.,,,,
18088-01,J99942,1,Ea.,,,,
18860-01,J99942,1,Ea.,,,,
17119-01,J99942,1,Ea.,,,,
12462-01,J79615,2,Ea.,,,,
15395-01,J79615,2,Ea.,,,,
13138-01,J79615,2,Ea.,,,,
18727-01,J79615,2,Ea.,,,,
18088-01,J79615,2,Ea.,,,,
18860-01,J79615,2,Ea.,,,,
12128-01,J97808,1,Ea.,,,,
15422-01,J97808,1,Ea.,,,,
18754-01,J97808,1,Ea.,,,,
18887-01,J97808,1,Ea.,,,,
19381-01,J21445,1,Ea.,,,,
19354-01,J21445,1,Ea.,,,,
19381-01,J60316,2,Ea.,,,,
19354-01,J60316,2,Ea.,,,,
19354-01,J70981,2,Ea.,,,,
13445-01,J80828,1,Ea.,,,,
19381-01,J60317,2,Ea.,,,,
12317-01,B82404,1,Ea.,,,,
15169-01,B82404,1,Ea.,,,,
13138-01,B82404,1,Ea.,,,,
13445-01,B82404,2,Ea.,,,,
12317-01,B49807,4,Ea.,,,,
12128-01,B49807,4,Ea.,,,,
12462-01,B49807,4,Ea.,,,,
17119-01,B49807,4,Ea.,,,,
12317-01,B41164,1,Ea.,,,,
15169-01,B41164,1,Ea.,,,,
12317-01,B41165,1,Ea.,,,,
15169-01,B41165,1,Ea.,,,,
12317-01,B85026,2,Ea.,,,,
15169-01,B85026,2,Ea.,,,,
12317-01,B74449,1,Ea.,,,,
12128-01,B74449,1,Ea.,,,,
12462-01,B74449,1,Ea.,,,,
15422-01,B74449,1,Ea.,,,,
15395-01,B74449,1,Ea.,,,,
18754-01,B74449,1,Ea.,,,,
18887-01,B74449,1,Ea.,,,,
18727-01,B74449,1,Ea.,,,,
18088-01,B74449,1,Ea.,,,,
18886-01,B74449,1,Ea.,,,,
12595-01,B60404,2,Ea.,,,,
12568-01,B60404,2,Ea.,,,,
12595-01,B53651,1,Ea.,,,,
12568-01,B53651,1,Ea.,,,,
12595-01,B31101,1,Ea.,,,,
12568-01,B31101,1,Ea.,,,,
12595-01,B60405,1,Ea.,,,,
12568-01,B60405,1,Ea.,,,,
22314-01,B98493,1,Ea.,,,,
22314-01,B16521,1,Ea.,,,,
23658-01,B98732,1,Ea.,,,,
12317-01,91023-01,1,Ea.,,,,
15169-01,91384-01,1,Ea.,,,,
12128-01,90873-01,1,Ea.,,,,
15422-01,90873-01,1,Ea.,,,,
18754-01,90873-01,1,Ea.,,,,
18887-01,90873-01,1,Ea.,,,,
12462-01,90006-01,1,Ea.,,,,
15395-01,90006-01,1,Ea.,,,,
13138-01,90006-01,1,Ea.,,,,
18727-01,90006-01,1,Ea.,,,,
18088-01,90006-01,1,Ea.,,,,
18860-01,90006-01,1,Ea.,,,,
17119-01,92787-01,1,Ea.,,,,
13445-01,93893-01,1,Ea.,,,,
19381-01,90607-01,1,Ea.,,,,
12568-01,90607-01,1,Ea.,,,,
19354-01,90139-01,1,Ea.,,,,
12595-01,90139-01,1,Ea.,,,,
02565-01,12317-01,1,Ea.,,,,
05600-01,15169-01,1,Ea.,,,,
02636-01,12128-01,1,Ea.,,,,
05841-01,15422-01,1,Ea.,,,,
05406-01,15422-01,1,Ea.,,,,
08261-01,18754-01,1,Ea.,,,,
08201-01,18887-01,1,Ea.,,,,
02017-01,12462-01,1,Ea.,,,,
02778-01,12462-01,1,Ea.,,,,
02707-01,12462-01,1,Ea.,,,,
05947-01,15395-01,1,Ea.,,,,
05608-01,15395-01,1,Ea.,,,,
03971-01,13138-01,1,Ea.,,,,
08938-01,18727-01,1,Ea.,,,,
08063-01,18088-01,1,Ea.,,,,
08074-01,18860-01,1,Ea.,,,,
09985-01,19354-01,1,Ea.,,,,
09028-01,19381-01,1,Ea.,,,,
07389-01,17119-01,1,Ea.,,,,
03187-01,13445-01,1,Ea.,,,,
02469-01,12595-01,1,Ea.,,,,
02288-01,12568-01,1,Ea.,,,,
21153-01,81697-01,1,Ea.,,,,
21067-01,81738-01,1,Ea.,,,,
20469-01,80568-01,1,Ea.,,,,
20598-01,80217-01,1,Ea.,,,,
20199-01,80850-01,1,Ea.,,,,
20494-01,80929-01,1,Ea.,,,,
20904-01,80578-01,1,Ea.,,,,
20734-01,80211-01,1,Ea.,,,,
26789-01,86748-01,1,Ea.,,,,
24294-01,84466-01,1,Ea.,,,,
20628-01,80846-01,1,Ea.,,,,
22314-01,82545-01,1,Ea.,,,,
23658-01,83908-01,1,Ea.,,,,
02565-01,21153-01,1,Ea.,,,,
05600-01,21067-01,1,Ea.,,,,
02636-01,20469-01,1,Ea.,,,,
08261-01,20469-01,1,Ea.,,,,
08201-01,20469-01,1,Ea.,,,,
05841-01,20598-01,1,Ea.,,,,
05406-01,20199-01,1,Ea.,,,,
02017-01,20494-01,1,Ea.,,,,
08938-01,20494-01,1,Ea.,,,,
08063-01,20494-01,1,Ea.,,,,
08074-01,20494-01,1,Ea.,,,,
05947-01,20904-01,1,Ea.,,,,
05608-01,20734-01,1,Ea.,,,,
02778-01,26789-01,1,Ea.,,,,
03971-01,26789-01,1,Ea.,,,,
02707-01,24294-01,1,Ea.,,,,
09985-01,20628-01,1,Ea.,,,,
09028-01,20628-01,1,Ea.,,,,
02469-01,20628-01,1,Ea.,,,,
02288-01,20628-01,1,Ea.,,,,
07389-01,22314-01,2,Ea.,,,,
03187-01,23658-01,2,Ea.,,,,
51270-01,71757-01,1,Ea.,,,,
51092-01,71815-01,1,Ea.,,,,
51348-01,71747-01,1,Ea.,,,,
51380-01,71900-01,1,Ea.,,,,
50319-01,70621-01,1,Ea.,,,,
50899-01,70443-01,1,Ea.,,,,
50655-01,70566-01,1,Ea.,,,,
50239-01,70498-01,1,Ea.,,,,
50791-01,70987-01,1,Ea.,,,,
50535-01,70458-01,1,Ea.,,,,
50363-01,70267-01,1,Ea.,,,,
50088-01,70403-01,1,Ea.,,,,
50916-01,70212-01,1,Ea.,,,,
50621-01,70280-01,1,Ea.,,,,
50607-01,70144-01,1,Ea.,,,,
52812-01,72007-01,1,Ea.,,,,
53582-01,73019-01,1,Ea.,,,,
50023-01,70661-01,1,Ea.,,,,
50615-01,70609-01,1,Ea.,,,,
50503-01,70476-01,1,Ea.,,,,
50989-01,70424-01,1,Ea.,,,,
51092-01,61025-01,1,Ea.,,,,
51380-01,61655-01,1,Ea.,,,,
51270-01,61398-01,1,Ea.,,,,
51348-01,61502-01,1,Ea.,,,,
51023-01,61045-01,1,Ea.,,,,
50319-01,60702-01,1,Ea.,,,,
50899-01,60524-01,1,Ea.,,,,
50655-01,60647-01,1,Ea.,,,,
50239-01,60579-01,1,Ea.,,,,
50791-01,60068-01,1,Ea.,,,,
50535-01,60539-01,1,Ea.,,,,
50363-01,60348-01,1,Ea.,,,,
50088-01,60484-01,1,Ea.,,,,
50916-01,60293-01,1,Ea.,,,,
50621-01,60361-01,1,Ea.,,,,
50607-01,60225-01,1,Ea.,,,,
52812-01,62088-01,1,Ea.,,,,
53582-01,63100-01,1,Ea.,,,,
50023-01,60742-01,1,Ea.,,,,
50615-01,60690-01,1,Ea.,,,,
50503-01,60557-01,1,Ea.,,,,
50989-01,60505-01,1,Ea.,,,,
32348-01,51092-01,1,Ea.,,,,
32348-01,51380-01,1,Ea.,,,,
35372-01,51380-01,1,Ea.,,,,
32348-01,51270-01,1,Ea.,,,,
35372-01,51270-01,1,Ea.,,,,
32926-01,51270-01,1,Ea.,,,,
32777-01,51270-01,1,Ea.,,,,
32072-01,51270-01,1,Ea.,,,,
32450-01,51270-01,1,Ea.,,,,
35372-01,51348-01,1,Ea.,,,,
32348-01,51023-01,1,Ea.,,,,
35372-01,51023-01,1,Ea.,,,,
32777-01,50319-01,1,Ea.,,,,
32450-01,50899-01,1,Ea.,,,,
32072-01,50655-01,1,Ea.,,,,
32926-01,50239-01,1,Ea.,,,,
32233-01,50791-01,2,Ea.,,,,
32549-01,50791-01,2,Ea.,,,,
32412-01,50791-01,2,Ea.,,,,
32240-01,50791-01,2,Ea.,,,,
32076-01,50791-01,2,Ea.,,,,
32933-01,50791-01,2,Ea.,,,,
32549-01,50535-01,1,Ea.,,,,
32412-01,50363-01,1,Ea.,,,,
32240-01,50088-01,1,Ea.,,,,
32076-01,50916-01,1,Ea.,,,,
32933-01,50621-01,1,Ea.,,,,
32233-01,50607-01,1,Ea.,,,,
37673-01,52812-01,1,Ea.,,,,
33276-01,53582-01,1,Ea.,,,,
39879-01,50023-01,2,Ea.,,,,
39879-01,50615-01,1,Ea.,,,,
39936-01,50503-01,2,Ea.,,,,
39936-01,50989-01,1,Ea.,,,,
02565-01,32348-01,1,Ea.,,,,
05600-01,35372-01,1,Ea.,,,,
02636-01,32926-01,1,Ea.,,,,
05841-01,32777-01,1,Ea.,,,,
05406-01,32777-01,1,Ea.,,,,
08261-01,32072-01,1,Ea.,,,,
08201-01,32450-01,1,Ea.,,,,
02017-01,32233-01,1,Ea.,,,,
02778-01,32233-01,1,Ea.,,,,
02707-01,32233-01,1,Ea.,,,,
05947-01,32549-01,1,Ea.,,,,
05608-01,32549-01,1,Ea.,,,,
03971-01,32412-01,1,Ea.,,,,
08938-01,32240-01,1,Ea.,,,,
08063-01,32076-01,1,Ea.,,,,
08074-01,32933-01,1,Ea.,,,,
09985-01,39879-01,1,Ea.,,,,
02469-01,39879-01,1,Ea.,,,,
09028-01,39936-01,1,Ea.,,,,
02288-01,39936-01,1,Ea.,,,,
07389-01,37673-01,1,Ea.,,,,
03187-01,33276-01,1,Ea.,,,,
02565-01,43488-01,1,Ea.,,,,
05600-01,44850-01,1,Ea.,,,,
02636-01,43908-01,1,Ea.,,,,
08261-01,43908-01,1,Ea.,,,,
08201-01,43908-01,1,Ea.,,,,
05841-01,43908-01,1,Ea.,,,,
05406-01,46428-01,1,Ea.,,,,
02017-01,46428-01,1,Ea.,,,,
02778-01,46428-01,1,Ea.,,,,
02707-01,46428-01,1,Ea.,,,,
05947-01,46428-01,1,Ea.,,,,
05608-01,46428-01,1,Ea.,,,,
03971-01,46428-01,1,Ea.,,,,
08938-01,46428-01,1,Ea.,,,,
08063-01,46428-01,1,Ea.,,,,
07389-01,47102-01,1,Ea.,,,,
03187-01,43897-01,1,Ea.,,,,
09028-01,47863-01,1,Ea.,,,,
09985-01,49115-01,1,Ea.,,,,
61025-01,K04980,3,Oz,,,,
61655-01,K04980,3,Oz,,,,
61398-01,K04980,3,Oz,,,,
61502-01,K04980,3,Oz,,,,
61045-01,K04980,3,Oz,,,,
60702-01,K04980,3,Oz,,,,
60524-01,K04980,3,Oz,,,,
60647-01,K04980,3,Oz,,,,
60579-01,K04980,3,Oz,,,,
60068-01,K04980,3,Oz,,,,
60539-01,K04980,3,Oz,,,,
60348-01,K04980,3,Oz,,,,
60484-01,K04980,3,Oz,,,,
60293-01,K04980,3,Oz,,,,
60361-01,K04980,3,Oz,,,,
60225-01,K04980,3,Oz,,,,
62088-01,K04980,3,Oz,,,,
63100-01,K04980,3,Oz,,,,
60742-01,K04980,3,Oz,,,,
60690-01,K04980,3,Oz,,,,
60557-01,K04980,3,Oz,,,,
60505-01,K04980,3,Oz,,,,
51092-01,K04981,0.2,Oz,,,,
51380-01,K04981,0.2,Oz,,,,
51270-01,K04981,0.2,Oz,,,,
51348-01,K04981,0.2,Oz,,,,
51023-01,K04981,0.2,Oz,,,,
50319-01,K04981,0.2,Oz,,,,
50899-01,K04981,0.2,Oz,,,,
50655-01,K04981,0.2,Oz,,,,
50239-01,K04981,0.2,Oz,,,,
50791-01,K04981,0.2,Oz,,,,
50535-01,K04981,0.2,Oz,,,,
50363-01,K04981,0.2,Oz,,,,
50088-01,K04981,0.2,Oz,,,,
50916-01,K04981,0.2,Oz,,,,
50621-01,K04981,0.2,Oz,,,,
50607-01,K04981,0.2,Oz,,,,
52812-01,K04981,0.2,Oz,,,,
53582-01,K04981,0.2,Oz,,,,
50023-01,K04981,0.2,Oz,,,,
50615-01,K04981,0.2,Oz,,,,
50503-01,K04981,0.2,Oz,,,,
50989-01,K04981,0.2,Oz,,,,
12317-01,K04982,2,Oz,,,,
15169-01,K04982,2,Oz,,,,
12128-01,K04982,2,Oz,,,,
15422-01,K04982,2,Oz,,,,
18754-01,K04982,2,Oz,,,,
18887-01,K04982,2,Oz,,,,
12462-01,K04982,2,Oz,,,,
15395-01,K04982,2,Oz,,,,
13138-01,K04982,2,Oz,,,,
18727-01,K04982,2,Oz,,,,
18088-01,K04982,2,Oz,,,,
18860-01,K04982,2,Oz,,,,
19354-01,K04982,2,Oz,,,,
19381-01,K04982,2,Oz,,,,
17119-01,K04982,2,Oz,,,,
13445-01,K04982,2,Oz,,,,
12595-01,K04982,2,Oz,,,,
12568-01,K04982,2,Oz,,,,
43488-01,K04983,1.5,Oz,,,,
44850-01,K04983,1.5,Oz,,,,
43908-01,K04983,1.5,Oz,,,,
46428-01,K04983,1.5,Oz,,,,
47102-01,K04983,1.5,Oz,,,,
43897-01,K04983,1.5,Oz,,,,
47863-01,K04983,1.5,Oz,,,,
49115-01,K04983,1.5,Oz,,,,
43326-01,K04983,1.5,Oz,,,,
44688-01,K04983,1.5,Oz,,,,
43746-01,K04983,1.5,Oz,,,,
46266-01,K04983,1.5,Oz,,,,
43735-01,K04983,1.5,Oz,,,,
47701-01,K04983,1.5,Oz,,,,
49953-01,K04983,1.5,Oz,,,,
81697-01,K61430,78.04,Lbs,,,,
81738-01,K61430,77.28,Lbs,,,,
80568-01,K61430,67.75,Lbs,,,,
80217-01,K61430,68.48,Lbs,,,,
80850-01,K61430,68.48,Lbs,,,,
80929-01,K61430,98.31,Lbs,,,,
80578-01,K61430,98.08,Lbs,,,,
80211-01,K61430,98.08,Lbs,,,,
86748-01,K61430,98.31,Lbs,,,,
84466-01,K61430,98.31,Lbs,,,,
80846-01,K61430,94.29,Lbs,,,,
82545-01,K61430,33.71,Lbs,,,,
83908-01,K61430,12.98,Lbs,,,,
61025-01,K61430,31.59,Lbs,,,,
61655-01,K61430,10.19,Lbs,,,,
61398-01,K61430,42.04,Lbs,,,,
61502-01,K61430,31.57,Lbs,,,,
61045-01,K61430,16.65,Lbs,,,,
60702-01,K61430,27.6,Lbs,,,,
60524-01,K61430,23.12,Lbs,,,,
60647-01,K61430,23.12,Lbs,,,,
60579-01,K61430,20.19,Lbs,,,,
60068-01,K61430,46.18,Lbs,,,,
60539-01,K61430,39.05,Lbs,,,,
60348-01,K61430,32.03,Lbs,,,,
60484-01,K61430,34.56,Lbs,,,,
60293-01,K61430,38.75,Lbs,,,,
60361-01,K61430,34.56,Lbs,,,,
60225-01,K61430,20.4,Lbs,,,,
62088-01,K61430,18.95,Lbs,,,,
63100-01,K61430,20.98,Lbs,,,,
60742-01,K61430,41.84,Lbs,,,,
60690-01,K61430,8.74,Lbs,,,,
60557-01,K61430,46,Lbs,,,,
60505-01,K61430,9.61,Lbs,,,,
81697-01,K61431,1.95,Lbs,,,,
81738-01,K61431,1.93,Lbs,,,,
80568-01,K61431,1.69,Lbs,,,,
80217-01,K61431,1.71,Lbs,,,,
80850-01,K61431,1.71,Lbs,,,,
80929-01,K61431,2.46,Lbs,,,,
80578-01,K61431,2.45,Lbs,,,,
80211-01,K61431,2.45,Lbs,,,,
86748-01,K61431,2.46,Lbs,,,,
84466-01,K61431,2.46,Lbs,,,,
80846-01,K61431,2.36,Lbs,,,,
82545-01,K61431,0.84,Lbs,,,,
83908-01,K61431,0.32,Lbs,,,,
61025-01,K61432,0.79,Lbs,,,,
61655-01,K61432,0.25,Lbs,,,,
61398-01,K61432,1.05,Lbs,,,,
61502-01,K61432,0.79,Lbs,,,,
61045-01,K61432,0.42,Lbs,,,,
60702-01,K61432,0.69,Lbs,,,,
60524-01,K61432,0.58,Lbs,,,,
60647-01,K61432,0.58,Lbs,,,,
60579-01,K61432,0.5,Lbs,,,,
60068-01,K61432,1.15,Lbs,,,,
60539-01,K61432,0.98,Lbs,,,,
60348-01,K61432,0.8,Lbs,,,,
60484-01,K61432,0.86,Lbs,,,,
60293-01,K61432,0.97,Lbs,,,,
60361-01,K61432,0.86,Lbs,,,,
60225-01,K61432,0.51,Lbs,,,,
62088-01,K61432,0.47,Lbs,,,,
63100-01,K61432,0.52,Lbs,,,,
60742-01,K61432,1.05,Lbs,,,,
60690-01,K61432,0.22,Lbs,,,,
60557-01,K61432,1.15,Lbs,,,,
60505-01,K61432,0.24,Lbs,,,,
81697-01,K61433,0.78,Lbs,,,,
81738-01,K61433,0.77,Lbs,,,,
80568-01,K61433,0.68,Lbs,,,,
80217-01,K61433,0.68,Lbs,,,,
80850-01,K61433,0.68,Lbs,,,,
80929-01,K61433,0.98,Lbs,,,,
80578-01,K61433,0.98,Lbs,,,,
80211-01,K61433,0.98,Lbs,,,,
86748-01,K61433,0.98,Lbs,,,,
84466-01,K61433,0.98,Lbs,,,,
80846-01,K61433,0.94,Lbs,,,,
82545-01,K61433,0.34,Lbs,,,,
83908-01,K61433,0.13,Lbs,,,,
61025-01,K61433,0.32,Lbs,,,,
61655-01,K61433,0.1,Lbs,,,,
61398-01,K61433,0.42,Lbs,,,,
61502-01,K61433,0.32,Lbs,,,,
61045-01,K61433,0.17,Lbs,,,,
60702-01,K61433,0.28,Lbs,,,,
60524-01,K61433,0.23,Lbs,,,,
60647-01,K61433,0.23,Lbs,,,,
60579-01,K61433,0.2,Lbs,,,,
60068-01,K61433,0.46,Lbs,,,,
60539-01,K61433,0.39,Lbs,,,,
60348-01,K61433,0.32,Lbs,,,,
60484-01,K61433,0.35,Lbs,,,,
60293-01,K61433,0.39,Lbs,,,,
60361-01,K61433,0.35,Lbs,,,,
60225-01,K61433,0.2,Lbs,,,,
62088-01,K61433,0.19,Lbs,,,,
63100-01,K61433,0.21,Lbs,,,,
60742-01,K61433,0.42,Lbs,,,,
60690-01,K61433,0.09,Lbs,,,,
60557-01,K61433,0.46,Lbs,,,,
60505-01,K61433,0.1,Lbs,,,,
61025-01,K61435,0.95,Lbs,,,,
61655-01,K61435,0.31,Lbs,,,,
61398-01,K61435,1.26,Lbs,,,,
61502-01,K61435,0.95,Lbs,,,,
61045-01,K61435,0.5,Lbs,,,,
60702-01,K61435,0.83,Lbs,,,,
60524-01,K61435,0.69,Lbs,,,,
60647-01,K61435,0.69,Lbs,,,,
60579-01,K61435,0.61,Lbs,,,,
60068-01,K61435,1.39,Lbs,,,,
60539-01,K61435,1.17,Lbs,,,,
60348-01,K61435,0.96,Lbs,,,,
60484-01,K61435,1.04,Lbs,,,,
60293-01,K61435,1.16,Lbs,,,,
60361-01,K61435,1.04,Lbs,,,,
60225-01,K61435,0.61,Lbs,,,,
62088-01,K61435,0.57,Lbs,,,,
63100-01,K61435,0.63,Lbs,,,,
60742-01,K61435,1.26,Lbs,,,, 
60690-01,K61435,0.26,Lbs,,,,
60557-01,K61435,1.38,Lbs,,,,
60505-01,K61435,0.29,Lbs,,,,
81697-01,K61436,2.34,Lbs,,,,
81738-01,K61436,2.32,Lbs,,,,
80568-01,K61436,2.03,Lbs,,,,
80217-01,K61436,2.05,Lbs,,,,
80850-01,K61436,2.05,Lbs,,,,
80929-01,K61436,2.95,Lbs,,,,
80578-01,K61436,2.94,Lbs,,,,
80211-01,K61436,2.94,Lbs,,,,
86748-01,K61436,2.95,Lbs,,,,
84466-01,K61436,2.95,Lbs,,,,
80846-01,K61436,2.83,Lbs,,,,
82545-01,K61436,1.01,Lbs,,,,
83908-01,K61436,0.39,Lbs,,,,
61025-01,K61437,10,LFT,,,,
61655-01,K61437,7,LFT,,,,
61398-01,K61437,10,LFT,,,,
61502-01,K61437,10,LFT,,,,
61045-01,K61437,5,LFT,,,,
60702-01,K61437,10,LFT,,,,
60524-01,K61437,10,LFT,,,,
60647-01,K61437,10,LFT,,,,
60579-01,K61437,10,LFT,,,,
60068-01,K61437,10,LFT,,,,
60539-01,K61437,10,LFT,,,,
60348-01,K61437,10,LFT,,,,
60484-01,K61437,10,LFT,,,,
60293-01,K61437,10,LFT,,,,
60361-01,K61437,10,LFT,,,,
60225-01,K61437,10,LFT,,,,
62088-01,K61437,10,LFT,,,,
63100-01,K61437,10,LFT,,,,
60742-01,K61437,10,LFT,,,,
60690-01,K61437,7,LFT,,,,
60557-01,K61437,10,LFT,,,,
60505-01,K61437,7,LFT,,,,
81697-01,K99234,0.03,Lb,,,,
81738-01,K99234,0.03,Lb,,,,
80568-01,K99234,0.03,Lb,,,,
80217-01,K99234,0.03,Lb,,,,
80850-01,K99234,0.03,Lb,,,,
80929-01,K99234,0.03,Lb,,,,
80578-01,K99234,0.03,Lb,,,,
80211-01,K99234,0.03,Lb,,,,
86748-01,K99234,0.03,Lb,,,,
84466-01,K99234,0.03,Lb,,,,
80846-01,K99234,0.03,Lb,,,,
82545-01,K99234,0.03,Lb,,,,
83908-01,K99234,0.03,Lb,,,,
61025-01,K99234,0.03,Lb,,,,
61655-01,K99234,0.03,Lb,,,,
61398-01,K99234,0.03,Lb,,,,
61502-01,K99234,0.03,Lb,,,,
61045-01,K99234,0.03,Lb,,,,
60702-01,K99234,0.03,Lb,,,,
60524-01,K99234,0.03,Lb,,,,
60647-01,K99234,0.03,Lb,,,,
60579-01,K99234,0.03,Lb,,,,
60068-01,K99234,0.03,Lb,,,,
60539-01,K99234,0.03,Lb,,,,
60348-01,K99234,0.03,Lb,,,,
60484-01,K99234,0.03,Lb,,,,
60293-01,K99234,0.03,Lb,,,,
60361-01,K99234,0.03,Lb,,,,
60225-01,K99234,0.03,Lb,,,,
62088-01,K99234,0.03,Lb,,,,
63100-01,K99234,0.03,Lb,,,,
60742-01,K99234,0.03,Lb,,,,
60690-01,K99234,0.03,Lb,,,,
60557-01,K99234,0.03,Lb,,,,
60505-01,K99234,0.03,Lb,,,,
J55645,K20115,4,LFt,,,,
J39033,K20115,2.4,LFt,,,,
J39034,K20115,2,LFt,,,,
J16777,K20115,2.4,LFt,,,,
J16778,K20115,3,LFt,,,,
J79840,K20115,3,LFt,,,,
J79841,K20115,1.71,LFt,,,,
J80589,K20115,2.4,LFt,,,,
J60263,K20115,3,LFt,,,,
J99941,K20115,3,LFt,,,,
J99942,K20115,2,LFt,,,,
J79615,K20115,3,LFt,,,,
J97808,K20115,1.71,LFt,,,,
J21445,K20115,0.11,LFt,,,,
J60316,K20115,1.5,LFt,,,,
J70981,K20115,3,LFt,,,,
J80828,K20115,3,LFt,,,,
J60317,K20115,3,LFt,,,,
T13088,K20116,1.2,LFt,,,,
T13089,K20116,2,LFt,,,,
T86323,K20116,2,LFt,,,,
T86324,K20116,2.4,LFt,,,,
T49372,K20117,1.09,LFt,,,,
T49373,K20117,1.71,LFt,,,,
T72525,K20117,2.4,LFt,,,,
T72526,K20117,2.4,LFt,,,,
T50267,K20117,3,LFt,,,,
T50268,K20117,3,LFt,,,,
T92036,K20117,1.33,LFt,,,,
T69778,K20117,2.4,LFt,,,,
T53165,K20117,2,LFt,,,,
T42211,K20117,2.4,LFt,,,,
T61563,K20117,3,LFt,,,,
T55164,K20117,3,LFt,,,,
T65829,K20117,3,LFt,,,,
81697-01,K39476,4,Ea.,,,,
81738-01,K39476,4,Ea.,,,,
80568-01,K39476,4,Ea.,,,,
80217-01,K39476,4,Ea.,,,,
80850-01,K39476,4,Ea.,,,,
80929-01,K39476,4,Ea.,,,,
80578-01,K39476,4,Ea.,,,,
80211-01,K39476,4,Ea.,,,,
86748-01,K39476,4,Ea.,,,,
84466-01,K39476,4,Ea.,,,,
80846-01,K39476,4,Ea.,,,,
82545-01,K39476,4,Ea.,,,,
83908-01,K39476,4,Ea.,,,,
21153-01,K39477,4,Ea.,,,,
21067-01,K39477,4,Ea.,,,,
20469-01,K39477,4,Ea.,,,,
20598-01,K39477,4,Ea.,,,,
20199-01,K39477,4,Ea.,,,,
20494-01,K39477,4,Ea.,,,,
20904-01,K39477,4,Ea.,,,,
20734-01,K39477,4,Ea.,,,,
26789-01,K39477,4,Ea.,,,,
24294-01,K39477,4,Ea.,,,,
20628-01,K39477,4,Ea.,,,,
22314-01,K39477,4,Ea.,,,,
23658-01,K39477,4,Ea.,,,,
21153-01,K39478,4,Ea.,,,,
21067-01,K39478,4,Ea.,,,,
20469-01,K39478,4,Ea.,,,,
20598-01,K39478,4,Ea.,,,,
20199-01,K39478,4,Ea.,,,,
20494-01,K39478,4,Ea.,,,,
20904-01,K39478,4,Ea.,,,,
20734-01,K39478,4,Ea.,,,,
26789-01,K39478,4,Ea.,,,,
24294-01,K39478,4,Ea.,,,,
20628-01,K39478,4,Ea.,,,,
22314-01,K39478,4,Ea.,,,,
23658-01,K39478,4,Ea.,,,,
21153-01,K39479,4,Ea.,,,,
21067-01,K39479,4,Ea.,,,,
20469-01,K39479,4,Ea.,,,,
20598-01,K39479,4,Ea.,,,,
20199-01,K39479,4,Ea.,,,,
20494-01,K39479,4,Ea.,,,,
20904-01,K39479,4,Ea.,,,,
20734-01,K39479,4,Ea.,,,,
26789-01,K39479,4,Ea.,,,,
24294-01,K39479,4,Ea.,,,,
20628-01,K39479,4,Ea.,,,,
22314-01,K39479,4,Ea.,,,,
23658-01,K39479,4,Ea.,,,,
21153-01,K39480,8,Ea.,,,,
21067-01,K39480,8,Ea.,,,,
20469-01,K39480,8,Ea.,,,,
20598-01,K39480,8,Ea.,,,,
20199-01,K39480,8,Ea.,,,,
20494-01,K39480,8,Ea.,,,,
20904-01,K39480,8,Ea.,,,,
20734-01,K39480,8,Ea.,,,,
26789-01,K39480,8,Ea.,,,,
24294-01,K39480,8,Ea.,,,,
20628-01,K39480,8,Ea.,,,,
22314-01,K39480,8,Ea.,,,,
23658-01,K39480,8,Ea.,,,,
21153-01,K39481,4,Ea.,,,,
21067-01,K39481,4,Ea.,,,,
20469-01,K39481,4,Ea.,,,,
20598-01,K39481,4,Ea.,,,,
20199-01,K39481,4,Ea.,,,,
20494-01,K39481,4,Ea.,,,,
20904-01,K39481,4,Ea.,,,,
20734-01,K39481,4,Ea.,,,,
26789-01,K39481,4,Ea.,,,,
24294-01,K39481,4,Ea.,,,,
20628-01,K39481,4,Ea.,,,,
22314-01,K39481,4,Ea.,,,,
23658-01,K39481,4,Ea.,,,,
12317-01,K39529,4,Ea.,,,,
15169-01,K39529,4,Ea.,,,,
12128-01,K39529,4,Ea.,,,,
15422-01,K39529,4,Ea.,,,,
18754-01,K39529,4,Ea.,,,,
18887-01,K39529,4,Ea.,,,,
12462-01,K39529,4,Ea.,,,,
15395-01,K39529,4,Ea.,,,,
13138-01,K39529,4,Ea.,,,,
18727-01,K39529,4,Ea.,,,,
18088-01,K39529,4,Ea.,,,,
18860-01,K39529,4,Ea.,,,,
19354-01,K39529,4,Ea.,,,,
19381-01,K39529,4,Ea.,,,,
17119-01,K39529,4,Ea.,,,,
13445-01,K39529,4,Ea.,,,,
12595-01,K39529,4,Ea.,,,,
12568-01,K39529,4,Ea.,,,,
12317-01,K39530,4,Ea.,,,,
15169-01,K39530,4,Ea.,,,,
12128-01,K39530,4,Ea.,,,,
15422-01,K39530,4,Ea.,,,,
18754-01,K39530,4,Ea.,,,,
18887-01,K39530,4,Ea.,,,,
12462-01,K39530,4,Ea.,,,,
15395-01,K39530,4,Ea.,,,,
13138-01,K39530,4,Ea.,,,,
18727-01,K39530,4,Ea.,,,,
18088-01,K39530,4,Ea.,,,,
18860-01,K39530,4,Ea.,,,,
19354-01,K39530,4,Ea.,,,,
19381-01,K39530,4,Ea.,,,,
17119-01,K39530,4,Ea.,,,,
13445-01,K39530,4,Ea.,,,,
12595-01,K39530,4,Ea.,,,,
12568-01,K39530,4,Ea.,,,,
12317-01,K39531,4,Ea.,,,,
15169-01,K39531,4,Ea.,,,,
12128-01,K39531,4,Ea.,,,,
15422-01,K39531,4,Ea.,,,,
18754-01,K39531,4,Ea.,,,,
18887-01,K39531,4,Ea.,,,,
12462-01,K39531,4,Ea.,,,,
15395-01,K39531,4,Ea.,,,,
13138-01,K39531,4,Ea.,,,,
18727-01,K39531,4,Ea.,,,,
18088-01,K39531,4,Ea.,,,,
18860-01,K39531,4,Ea.,,,,
19354-01,K39531,4,Ea.,,,,
19381-01,K39531,4,Ea.,,,,
17119-01,K39531,4,Ea.,,,,
13445-01,K39531,4,Ea.,,,,
12595-01,K39531,4,Ea.,,,,
12568-01,K39531,4,Ea.,,,,
91023-01,K39532,235,Ea.,,,,
91384-01,K39532,235,Ea.,,,,
90873-01,K39532,155,Ea.,,,,
90006-01,K39532,163,Ea.,,,,
92787-01,K39532,161,Ea.,,,,
93893-01,K39532,195,Ea.,,,,
90607-01,K39532,159,Ea.,,,,
90139-01,K39532,159,Ea.,,,,
91023-01,K39533,32,Ea.,,,,
91384-01,K39533,32,Ea.,,,,
90873-01,K39533,32,Ea.,,,,
90006-01,K39533,32,Ea.,,,,
92787-01,K39533,32,Ea.,,,,
93893-01,K39533,32,Ea.,,,,
90607-01,K39533,32,Ea.,,,,
90139-01,K39533,32,Ea.,,,,
12317-01,K62699,2,Ea.,,,,
15169-01,K62699,2,Ea.,,,,
12128-01,K62699,2,Ea.,,,,
15422-01,K62699,2,Ea.,,,,
18754-01,K62699,2,Ea.,,,,
18887-01,K62699,2,Ea.,,,,
12462-01,K62699,2,Ea.,,,,
15395-01,K62699,2,Ea.,,,,
13138-01,K62699,2,Ea.,,,,
18727-01,K62699,2,Ea.,,,,
18088-01,K62699,2,Ea.,,,,
18860-01,K62699,2,Ea.,,,,
19354-01,K62699,2,Ea.,,,,
19381-01,K62699,2,Ea.,,,,
17119-01,K62699,2,Ea.,,,,
13445-01,K62699,2,Ea.,,,,
12595-01,K62699,2,Ea.,,,,
12568-01,K62699,2,Ea.,,,,
12317-01,K62700,2,Ea.,,,,
15169-01,K62700,2,Ea.,,,,
12128-01,K62700,2,Ea.,,,,
15422-01,K62700,2,Ea.,,,,
18754-01,K62700,2,Ea.,,,,
18887-01,K62700,2,Ea.,,,,
12462-01,K62700,2,Ea.,,,,
15395-01,K62700,2,Ea.,,,,
13138-01,K62700,2,Ea.,,,,
18727-01,K62700,2,Ea.,,,,
18088-01,K62700,2,Ea.,,,,
18860-01,K62700,2,Ea.,,,,
19354-01,K62700,2,Ea.,,,,
19381-01,K62700,2,Ea.,,,,
17119-01,K62700,2,Ea.,,,,
13445-01,K62700,2,Ea.,,,,
12595-01,K62700,2,Ea.,,,,
12568-01,K62700,2,Ea.,,,,
12317-01,K62702,4,Ea.,,,,
15169-01,K62702,4,Ea.,,,,
12128-01,K62702,4,Ea.,,,,
15422-01,K62702,4,Ea.,,,,
18754-01,K62702,4,Ea.,,,,
18887-01,K62702,4,Ea.,,,,
12462-01,K62702,4,Ea.,,,,
15395-01,K62702,4,Ea.,,,,
13138-01,K62702,4,Ea.,,,,
18727-01,K62702,4,Ea.,,,,
18088-01,K62702,4,Ea.,,,,
18860-01,K62702,4,Ea.,,,,
19354-01,K62702,4,Ea.,,,,
19381-01,K62702,4,Ea.,,,,
17119-01,K62702,4,Ea.,,,,
13445-01,K62702,4,Ea.,,,,
12595-01,K62702,4,Ea.,,,,
12568-01,K62702,4,Ea.,,,,
12317-01,K39535,4,Ea.,,,,
15169-01,K39535,4,Ea.,,,,
12128-01,K39535,4,Ea.,,,,
15422-01,K39535,4,Ea.,,,,
18754-01,K39535,4,Ea.,,,,
18887-01,K39535,4,Ea.,,,,
12462-01,K39535,4,Ea.,,,,
15395-01,K39535,4,Ea.,,,,
13138-01,K39535,4,Ea.,,,,
18727-01,K39535,4,Ea.,,,,
18088-01,K39535,4,Ea.,,,,
18860-01,K39535,4,Ea.,,,,
19354-01,K39535,4,Ea.,,,,
19381-01,K39535,4,Ea.,,,,
17119-01,K39535,4,Ea.,,,,
13445-01,K39535,4,Ea.,,,,
12595-01,K39535,4,Ea.,,,,
12568-01,K39535,4,Ea.,,,,
71757-01,K01267,5.33,SqFt,,,,
71815-01,K01267,10.67,SqFt,,,,
71747-01,K01267,10.67,SqFt,,,,
71900-01,K01267,3.56,SqFt,,,,
70621-01,K01267,5.33,SqFt,,,,
70443-01,K01267,5.33,SqFt,,,,
70566-01,K01267,5.33,SqFt,,,,
70498-01,K01267,5.33,SqFt,,,,
70987-01,K01267,8,SqFt,,,,
70458-01,K01267,10.67,SqFt,,,,
70267-01,K01267,10.67,SqFt,,,,
70403-01,K01267,10.67,SqFt,,,,
70212-01,K01267,10.67,SqFt,,,,
70280-01,K01267,10.67,SqFt,,,,
70144-01,K01267,10.67,SqFt,,,,
72007-01,K01267,10.67,SqFt,,,,
73019-01,K01267,10.67,SqFt,,,,
70661-01,K01267,5.33,SqFt,,,,
70609-01,K01267,0.76,SqFt,,,,
70476-01,K01267,8,SqFt,,,,
70424-01,K01267,1.14,SqFt,,,,
S46822,K85421,1,Ea.,,,,
S73252,K85421,1,Ea.,,,,
S89339,K85421,1,Ea.,,,,
43488-01,K98030,1,Ea.,,,,
44850-01,K98030,1,Ea.,,,,
43326-01,K98030,1,Ea.,,,,
44688-01,K98030,1,Ea.,,,,
22314-01,K98031,1,Ea.,,,,
15169-01,K55515,1,Ea.,,,,
15422-01,K55515,1,Ea.,,,,
15395-01,K55515,1,Ea.,,,,
12317-01,K53586,1,Ea.,,,,
15169-01,K53586,1,Ea.,,,,
12128-01,K53586,1,Ea.,,,,
15422-01,K53586,1,Ea.,,,,
18754-01,K53586,1,Ea.,,,,
18887-01,K53586,1,Ea.,,,,
12462-01,K53586,1,Ea.,,,,
15395-01,K53586,1,Ea.,,,,
18727-01,K53586,1,Ea.,,,,
18088-01,K53586,1,Ea.,,,,
18860-01,K53586,1,Ea.,,,,
12317-01,K53584,1,Ea.,,,,
15169-01,K53584,1,Ea.,,,,
12128-01,K53584,1,Ea.,,,,
15422-01,K53584,1,Ea.,,,,
17119-01,K53584,1,Ea.,,,,
12595-01,K53584,1,Ea.,,,,
12568-01,K53584,1,Ea.,,,,
21067-01,K51008,1,Ea.,,,,
20598-01,K51008,1,Ea.,,,,
20904-01,K51008,1,Ea.,,,,
21067-01,K51009,1,Ea.,,,,
20598-01,K51009,1,Ea.,,,,
20904-01,K51009,1,Ea.,,,,
43326-01,K37936,0.001,Ea.,,,,
44688-01,K37936,0.001,Ea.,,,,
43746-01,K37936,0.001,Ea.,,,,
46266-01,K37936,0.001,Ea.,,,,
43735-01,K37936,0.001,Ea.,,,,
47701-01,K37936,0.001,Ea.,,,,
49953-01,K37936,0.001,Ea.,,,,
43326-01,K37937,0.001,Ea.,,,,
44688-01,K37937,0.001,Ea.,,,,
43746-01,K37937,0.001,Ea.,,,,
46266-01,K37937,0.001,Ea.,,,,
43735-01,K37937,0.001,Ea.,,,,
47701-01,K37937,0.001,Ea.,,,,
49953-01,K37937,0.001,Ea.,,,,
43326-01,K37938,0.001,Ea.,,,,
44688-01,K37938,0.001,Ea.,,,,
43746-01,K37938,0.001,Ea.,,,,
46266-01,K37938,0.001,Ea.,,,,
43735-01,K37938,0.001,Ea.,,,,
47701-01,K37938,0.001,Ea.,,,,
49953-01,K37938,0.001,Ea.,,,,
43326-01,K37939,0.001,Ea.,,,,
44688-01,K37939,0.001,Ea.,,,,
43746-01,K37939,0.001,Ea.,,,,
46266-01,K37939,0.001,Ea.,,,,
43735-01,K37939,0.001,Ea.,,,,
47701-01,K37939,0.001,Ea.,,,,
49953-01,K37939,0.001,Ea.,,,,
43326-01,K37940,0.001,Ea.,,,,
44688-01,K37940,0.001,Ea.,,,,
43746-01,K37940,0.001,Ea.,,,,
46266-01,K37940,0.001,Ea.,,,,
43735-01,K37940,0.001,Ea.,,,,
47701-01,K37940,0.001,Ea.,,,,
49953-01,K37940,0.001,Ea.,,,,
43326-01,K37941,0.001,Ea.,,,,
44688-01,K37941,0.001,Ea.,,,,
43746-01,K37941,0.001,Ea.,,,,
46266-01,K37941,0.001,Ea.,,,,
43735-01,K37941,0.001,Ea.,,,,
47701-01,K37941,0.001,Ea.,,,,
49953-01,K37941,0.001,Ea.,,,,
43326-01,K37942,0.001,Ea.,,,,
44688-01,K37942,0.001,Ea.,,,,
43746-01,K37942,0.001,Ea.,,,,
46266-01,K37942,0.001,Ea.,,,,
43735-01,K37942,0.001,Ea.,,,,
47701-01,K37942,0.001,Ea.,,,,
49953-01,K37942,0.001,Ea.,,,,
43326-01,K37943,0.001,Ea.,,,,
44688-01,K37943,0.001,Ea.,,,,
43746-01,K37943,0.001,Ea.,,,,
46266-01,K37943,0.001,Ea.,,,,
43735-01,K37943,0.001,Ea.,,,,
47701-01,K37943,0.001,Ea.,,,,
49953-01,K37943,0.001,Ea.,,,,
43326-01,K37944,0.001,Ea.,,,,
44688-01,K37944,0.001,Ea.,,,,
43746-01,K37944,0.001,Ea.,,,,
46266-01,K37944,0.001,Ea.,,,,
43735-01,K37944,0.001,Ea.,,,,
47701-01,K37944,0.001,Ea.,,,,
49953-01,K37944,0.001,Ea.,,,,
U23263,K85422,1,Ea.,,,,
12317-01,K53585,1,Ea.,,,,
15169-01,K53585,1,Ea.,,,,
12128-01,K53585,1,Ea.,,,,
15422-01,K53585,1,Ea.,,,,
18754-01,K53585,1,Ea.,,,,
18887-01,K53585,1,Ea.,,,,
12462-01,K53585,1,Ea.,,,,
15395-01,K53585,1,Ea.,,,,
18727-01,K53585,1,Ea.,,,,
18088-01,K53585,1,Ea.,,,,
18860-01,K53585,1,Ea.,,,,
17119-01,K53585,1,Ea.,,,,
12595-01,K53585,1,Ea.,,,,
12568-01,K53585,1,Ea.,,,,
15169-01,K55516,1,Ea.,,,,
15422-01,K55516,1,Ea.,,,,
15395-01,K55516,1,Ea.,,,,
61045-01,K61483,0.17,Sqm,,,,
12317-01,K39584,2,Ea.,,,,
15169-01,K39584,2,Ea.,,,,
M18529,K82674,0.05,Kg,,,,
M87714,K82674,0.1,Kg,,,,
T13328,K20118,1.08,,,,,
T41237,K20118,1.08,,,,,
21153-01,K10462,0.05,Gal.,,,,
21067-01,K10462,0.05,Gal.,,,,
20469-01,K10462,0.05,Gal.,,,,
20598-01,K10462,0.05,Gal.,,,,
20199-01,K10462,0.05,Gal.,,,,
20494-01,K10462,0.05,Gal.,,,,
20904-01,K10462,0.05,Gal.,,,,
20734-01,K10462,0.05,Gal.,,,,
26789-01,K10462,0.05,Gal.,,,,
24294-01,K10462,0.05,Gal.,,,,
20628-01,K10462,0.05,Gal.,,,,
22314-01,K10462,0.05,Gal.,,,,
23658-01,K10462,0.05,Gal.,,,,
N38257,K79317,1,Ea.,,,,
N10578,K79317,2,Ea.,,,,
N82899,K79317,3,Ea.,,,,
N82900,K79317,3,Ea.,,,,
N69409,K79317,5,Ea.,,,,
N38257,K39582,2,Ea.,,,,
N10578,K39582,4,Ea.,,,,
N82899,K39582,6,Ea.,,,,
N82900,K39582,6,Ea.,,,,
N16910,K39582,6,Ea.,,,,
N16911,K39582,6,Ea.,,,,
N69409,K39582,10,Ea.,,,,
N38257,K39583,2,Ea.,,,,
N10578,K39583,4,Ea.,,,,
N82899,K39583,6,Ea.,,,,
N82900,K39583,6,Ea.,,,,
N16910,K39583,6,Ea.,,,,
N16911,K39583,6,Ea.,,,,
N69409,K39583,10,Ea.,,,,
91023-01,K39536,176,Ea.,,,,
91384-01,K39536,176,Ea.,,,,
90873-01,K39536,104,Ea.,,,,
90006-01,K39536,104,Ea.,,,,
92787-01,K39536,104,Ea.,,,,
93893-01,K39536,104,Ea.,,,,
90607-01,K39536,112,Ea.,,,,
90139-01,K39536,112,Ea.,,,,
S44754,K39534,0,Ea.,,,,
S52166,K39534,0,Ea.,,,,
S43763,K39534,0,Ea.,,,,
S92690,K39534,0,Ea.,,,,
S79063,K39534,0,Ea.,,,,
S16626,K39580,0,Ea.,,,,
S44754,K39580,0,Ea.,,,,
S46822,K39580,0,Ea.,,,,
S26496,K39580,0,Ea.,,,,
S47899,K39580,0,Ea.,,,,
S76940,K39580,0,Ea.,,,,
S52166,K39580,0,Ea.,,,,
S39496,K39580,0,Ea.,,,,
S68537,K39580,0,Ea.,,,,
S43763,K39580,0,Ea.,,,,
S73252,K39580,0,Ea.,,,,
S92690,K39580,0,Ea.,,,,
S88423,K39580,0,Ea.,,,,
S13482,K39580,0,Ea.,,,,
S74797,K39580,0,Ea.,,,,
S79063,K39580,0,Ea.,,,,
S77145,K39580,0,Ea.,,,,
S68742,K39580,0,Ea.,,,,
12317-01,K39586,16,Ea.,,,,
15169-01,K39586,16,Ea.,,,,
12128-01,K39586,16,Ea.,,,,
15422-01,K39586,16,Ea.,,,,
18754-01,K39586,16,Ea.,,,,
18887-01,K39586,16,Ea.,,,,
12462-01,K39586,16,Ea.,,,,
15395-01,K39586,16,Ea.,,,,
13138-01,K39586,16,Ea.,,,,
18727-01,K39586,16,Ea.,,,,
18088-01,K39586,16,Ea.,,,,
18860-01,K39586,16,Ea.,,,,
19354-01,K39586,16,Ea.,,,,
19381-01,K39586,16,Ea.,,,,
17119-01,K39586,16,Ea.,,,,
13445-01,K39586,16,Ea.,,,,
12595-01,K39586,16,Ea.,,,,
12568-01,K39586,16,Ea.,,,,
12317-01,K39587,16,Ea.,,,,
15169-01,K39587,16,Ea.,,,,
12128-01,K39587,16,Ea.,,,,
15422-01,K39587,16,Ea.,,,,
18754-01,K39587,16,Ea.,,,,
18887-01,K39587,16,Ea.,,,,
12462-01,K39587,16,Ea.,,,,
15395-01,K39587,16,Ea.,,,,
13138-01,K39587,16,Ea.,,,,
18727-01,K39587,16,Ea.,,,,
18088-01,K39587,16,Ea.,,,,
18860-01,K39587,16,Ea.,,,,
19354-01,K39587,16,Ea.,,,,
19381-01,K39587,16,Ea.,,,,
17119-01,K39587,16,Ea.,,,,
13445-01,K39587,16,Ea.,,,,
12595-01,K39587,16,Ea.,,,,
12568-01,K39587,16,Ea.,,,,
S46822,K39588,8,Ea.,,,,
S73252,K39588,8,Ea.,,,,
S77760,K39588,8,Ea.,,,,
S13482,K39588,8,Ea.,,,,
S89339,K39588,8,Ea.,,,,
S16626,K39589,8,Ea.,,,,
S44754,K39589,8,Ea.,,,,
S46822,K39589,14,Ea.,,,,
S26496,K39589,8,Ea.,,,,
S47899,K39589,8,Ea.,,,,
S76940,K39589,8,Ea.,,,,
S52166,K39589,8,Ea.,,,,
S39496,K39589,8,Ea.,,,,
S68537,K39589,8,Ea.,,,,
S43763,K39589,8,Ea.,,,,
S73252,K39589,14,Ea.,,,,
S92690,K39589,8,Ea.,,,,
S88423,K39589,8,Ea.,,,,
S13482,K39589,4,Ea.,,,,
S74797,K39589,8,Ea.,,,,
S79063,K39589,8,Ea.,,,,
S77145,K39589,8,Ea.,,,,
S68742,K39589,8,Ea.,,,,
S46822,K39633,8,Ea.,,,,
S73252,K39633,8,Ea.,,,,
S77760,K39633,8,Ea.,,,,
S13482,K39633,8,Ea.,,,,
S89339,K39633,8,Ea.,,,,
12317-01,K39634,34,Ea.,,,,
15169-01,K39634,34,Ea.,,,,
12128-01,K39634,24,Ea.,,,,
15422-01,K39634,24,Ea.,,,,
18754-01,K39634,24,Ea.,,,,
18887-01,K39634,24,Ea.,,,,
12462-01,K39634,24,Ea.,,,,
15395-01,K39634,24,Ea.,,,,
13138-01,K39634,24,Ea.,,,,
18727-01,K39634,24,Ea.,,,,
18088-01,K39634,24,Ea.,,,,
18860-01,K39634,24,Ea.,,,,
19354-01,K39634,34,Ea.,,,,
19381-01,K39634,34,Ea.,,,,
17119-01,K39634,24,Ea.,,,,
13445-01,K39634,24,Ea.,,,,
12595-01,K39634,34,Ea.,,,,
12568-01,K39634,34,Ea.,,,,
22314-01,K39635,3,Ea.,,,,
23658-01,K39635,2,Ea.,,,,
22314-01,K39636,3,Ea.,,,,
23658-01,K39636,2,Ea.,,,,
22314-01,K39637,7,Ea.,,,,
23658-01,K39637,3,Ea.,,,,
61025-01,K39637,16,Ea.,,,,
61655-01,K39637,18,Ea.,,,,
61398-01,K39637,15,Ea.,,,,
61502-01,K39637,30,Ea.,,,,
61045-01,K39637,15,Ea.,,,,
60702-01,K39637,30,Ea.,,,,
60524-01,K39637,24,Ea.,,,,
60647-01,K39637,24,Ea.,,,,
60579-01,K39637,24,Ea.,,,,
60068-01,K39637,15,Ea.,,,,
60539-01,K39637,32,Ea.,,,,
60348-01,K39637,34,Ea.,,,,
60484-01,K39637,34,Ea.,,,,
60293-01,K39637,32,Ea.,,,,
60361-01,K39637,34,Ea.,,,,
60225-01,K39637,36,Ea.,,,,
62088-01,K39637,32,Ea.,,,,
63100-01,K39637,32,Ea.,,,,
60742-01,K39637,17,Ea.,,,,
60690-01,K39637,9,Ea.,,,,
60557-01,K39637,27,Ea.,,,,
60505-01,K39637,9,Ea.,,,,
12317-01,K79364,1,Ea.,,,,
15169-01,K79364,1,Ea.,,,,
12128-01,K79364,1,Ea.,,,,
15422-01,K79364,1,Ea.,,,,
18754-01,K79364,1,Ea.,,,,
18887-01,K79364,1,Ea.,,,,
12462-01,K79364,1,Ea.,,,,
15395-01,K79364,1,Ea.,,,,
13138-01,K79364,1,Ea.,,,,
18727-01,K79364,1,Ea.,,,,
18088-01,K79364,1,Ea.,,,,
18860-01,K79364,1,Ea.,,,,
19354-01,K79364,1,Ea.,,,,
19381-01,K79364,1,Ea.,,,,
17119-01,K79364,1,Ea.,,,,
13445-01,K79364,1,Ea.,,,,
12595-01,K79364,1,Ea.,,,,
12568-01,K79364,1,Ea.,,,,
51092-01,K39528,16,Ea.,,,,
51380-01,K39528,18,Ea.,,,,
51270-01,K39528,15,Ea.,,,,
51348-01,K39528,30,Ea.,,,,
51023-01,K39528,15,Ea.,,,,
50319-01,K39528,30,Ea.,,,,
50899-01,K39528,24,Ea.,,,,
50655-01,K39528,24,Ea.,,,,
50239-01,K39528,24,Ea.,,,,
50791-01,K39528,15,Ea.,,,,
50535-01,K39528,32,Ea.,,,,
50363-01,K39528,34,Ea.,,,,
50088-01,K39528,34,Ea.,,,,
50916-01,K39528,32,Ea.,,,,
50621-01,K39528,34,Ea.,,,,
50607-01,K39528,36,Ea.,,,,
52812-01,K39528,32,Ea.,,,,
53582-01,K39528,32,Ea.,,,,
50023-01,K39528,17,Ea.,,,,
50615-01,K39528,9,Ea.,,,,
50503-01,K39528,27,Ea.,,,,
50989-01,K39528,9,Ea.,,,,
43488-01,K25954,1,Ea.,,,,
44850-01,K25954,1,Ea.,,,,
43326-01,K25954,1,Ea.,,,,
44688-01,K25954,1,Ea.,,,,
12317-01,K39475,4,Ea.,,,,
15169-01,K39475,4,Ea.,,,,
12128-01,K39475,4,Ea.,,,,
15422-01,K39475,4,Ea.,,,,
18754-01,K39475,4,Ea.,,,,
18887-01,K39475,4,Ea.,,,,
12462-01,K39475,4,Ea.,,,,
15395-01,K39475,4,Ea.,,,,
13138-01,K39475,4,Ea.,,,,
18727-01,K39475,4,Ea.,,,,
18088-01,K39475,4,Ea.,,,,
18860-01,K39475,4,Ea.,,,,
19354-01,K39475,4,Ea.,,,,
19381-01,K39475,4,Ea.,,,,
17119-01,K39475,4,Ea.,,,,
13445-01,K39475,4,Ea.,,,,
12595-01,K39475,4,Ea.,,,,
12568-01,K39475,4,Ea.,,,,
43488-01,K79312,2,Ea.,,,,
44850-01,K79312,2,Ea.,,,,
43326-01,K79312,2,Ea.,,,,
44688-01,K79312,2,Ea.,,,,
61045-01,K39482,7,Ea.,,,,
61045-01,K39483,7,Ea.,,,,
61045-01,K39527,7,Ea.,,,,
61045-01,K39638,7,Ea.,,,,
05406-01,K80914,1,Ea.,,,,
05608-01,K80914,1,Ea.,,,,
08261-01,K80915,1,Ea.,,,,
08938-01,K80915,1,Ea.,,,,
08201-01,K80916,1,Ea.,,,,
08074-01,K80916,1,Ea.,,,,
05600-01,K80917,1,Ea.,,,,
05841-01,K80917,1,Ea.,,,,
05406-01,K80917,1,Ea.,,,,
05947-01,K80917,1,Ea.,,,,
05608-01,K80917,1,Ea.,,,,
03971-01,K80918,1,Ea.,,,,
03187-01,K80919,1,Ea.,,,,
22314-01,B98493,1,Ea.,,,,
22314-01,B16521,1,Ea.,,,,
23658-01,B98732,1,Ea.,,,,
